api_id,status,hitool_symbol,test_evidence,notes
cn.hutool.core.codec::BCD#,idiomatic,"hitool_core::{bcd_encode,bcd_decode,bcd_encode_ascii_prefix}",crates/hitool-core/src/radix_codec.rs::text_stream_file_and_bcd_overloads_are_bounded_and_reversible,Hutool overloads are consolidated into typed Rust APIs; official Hutool vectors are asserted.
cn.hutool.core.codec::BCD::strToBcd#byte[] (String asc),idiomatic,"hitool_core::{bcd_encode,bcd_decode,bcd_encode_ascii_prefix}",crates/hitool-core/src/radix_codec.rs::text_stream_file_and_bcd_overloads_are_bounded_and_reversible,Hutool overloads are consolidated into typed Rust APIs; official Hutool vectors are asserted.
cn.hutool.core.codec::BCD::ascToBcd#byte[] (byte[] ascii),idiomatic,"hitool_core::{bcd_encode,bcd_decode,bcd_encode_ascii_prefix}",crates/hitool-core/src/radix_codec.rs::text_stream_file_and_bcd_overloads_are_bounded_and_reversible,Hutool overloads are consolidated into typed Rust APIs; official Hutool vectors are asserted.
cn.hutool.core.codec::BCD::bcdToStr#String (byte[] bytes),idiomatic,"hitool_core::{bcd_encode,bcd_decode,bcd_encode_ascii_prefix}",crates/hitool-core/src/radix_codec.rs::text_stream_file_and_bcd_overloads_are_bounded_and_reversible,Hutool overloads are consolidated into typed Rust APIs; official Hutool vectors are asserted.
cn.hutool.core.codec::Base32#,idiomatic,"hitool_core::{Base32Encoder,Base32Decoder,base32_encode_text,base32_decode_text,base32_encode_file,base32_decode_to_file}",crates/hitool-core/src/radix_codec.rs::custom_radix_alphabets_round_trip_and_validate,Hutool overloads are consolidated into typed Rust APIs; official Hutool vectors are asserted.
cn.hutool.core.codec::Base32::encode#String (final byte[] bytes),idiomatic,"hitool_core::{Base32Encoder,Base32Decoder,base32_encode_text,base32_decode_text,base32_encode_file,base32_decode_to_file}",crates/hitool-core/src/radix_codec.rs::custom_radix_alphabets_round_trip_and_validate,Hutool overloads are consolidated into typed Rust APIs; official Hutool vectors are asserted.
cn.hutool.core.codec::Base32::encode#String (String source),idiomatic,"hitool_core::{Base32Encoder,Base32Decoder,base32_encode_text,base32_decode_text,base32_encode_file,base32_decode_to_file}",crates/hitool-core/src/radix_codec.rs::custom_radix_alphabets_round_trip_and_validate,Hutool overloads are consolidated into typed Rust APIs; official Hutool vectors are asserted.
cn.hutool.core.codec::Base32::encodeHex#String (final byte[] bytes),idiomatic,"hitool_core::{Base32Encoder,Base32Decoder,base32_encode_text,base32_decode_text,base32_encode_file,base32_decode_to_file}",crates/hitool-core/src/radix_codec.rs::custom_radix_alphabets_round_trip_and_validate,Hutool overloads are consolidated into typed Rust APIs; official Hutool vectors are asserted.
cn.hutool.core.codec::Base32::encodeHex#String (String source),idiomatic,"hitool_core::{Base32Encoder,Base32Decoder,base32_encode_text,base32_decode_text,base32_encode_file,base32_decode_to_file}",crates/hitool-core/src/radix_codec.rs::custom_radix_alphabets_round_trip_and_validate,Hutool overloads are consolidated into typed Rust APIs; official Hutool vectors are asserted.
cn.hutool.core.codec::Base32::decode#byte[] (String base32),idiomatic,"hitool_core::{Base32Encoder,Base32Decoder,base32_encode_text,base32_decode_text,base32_encode_file,base32_decode_to_file}",crates/hitool-core/src/radix_codec.rs::custom_radix_alphabets_round_trip_and_validate,Hutool overloads are consolidated into typed Rust APIs; official Hutool vectors are asserted.
cn.hutool.core.codec::Base32::decodeStr#String (String source),idiomatic,"hitool_core::{Base32Encoder,Base32Decoder,base32_encode_text,base32_decode_text,base32_encode_file,base32_decode_to_file}",crates/hitool-core/src/radix_codec.rs::custom_radix_alphabets_round_trip_and_validate,Hutool overloads are consolidated into typed Rust APIs; official Hutool vectors are asserted.
cn.hutool.core.codec::Base32::decodeHex#byte[] (String base32),idiomatic,"hitool_core::{Base32Encoder,Base32Decoder,base32_encode_text,base32_decode_text,base32_encode_file,base32_decode_to_file}",crates/hitool-core/src/radix_codec.rs::custom_radix_alphabets_round_trip_and_validate,Hutool overloads are consolidated into typed Rust APIs; official Hutool vectors are asserted.
cn.hutool.core.codec::Base32::decodeStrHex#String (String source),idiomatic,"hitool_core::{Base32Encoder,Base32Decoder,base32_encode_text,base32_decode_text,base32_encode_file,base32_decode_to_file}",crates/hitool-core/src/radix_codec.rs::custom_radix_alphabets_round_trip_and_validate,Hutool overloads are consolidated into typed Rust APIs; official Hutool vectors are asserted.
cn.hutool.core.codec::Base32Codec#,idiomatic,"hitool_core::{Base32Encoder,Base32Decoder,base32_encode_text,base32_decode_text,base32_encode_file,base32_decode_to_file}",crates/hitool-core/src/radix_codec.rs::custom_radix_alphabets_round_trip_and_validate,Hutool overloads are consolidated into typed Rust APIs; official Hutool vectors are asserted.
cn.hutool.core.codec::Base32Codec::encode#String (byte[] data),idiomatic,"hitool_core::{Base32Encoder,Base32Decoder,base32_encode_text,base32_decode_text,base32_encode_file,base32_decode_to_file}",crates/hitool-core/src/radix_codec.rs::custom_radix_alphabets_round_trip_and_validate,Hutool overloads are consolidated into typed Rust APIs; official Hutool vectors are asserted.
"cn.hutool.core.codec::Base32Codec::encode#String (byte[] data, boolean useHex)",idiomatic,"hitool_core::{Base32Encoder,Base32Decoder,base32_encode_text,base32_decode_text,base32_encode_file,base32_decode_to_file}",crates/hitool-core/src/radix_codec.rs::custom_radix_alphabets_round_trip_and_validate,Hutool overloads are consolidated into typed Rust APIs; official Hutool vectors are asserted.
cn.hutool.core.codec::Base32Codec::decode#byte[] (CharSequence encoded),idiomatic,"hitool_core::{Base32Encoder,Base32Decoder,base32_encode_text,base32_decode_text,base32_encode_file,base32_decode_to_file}",crates/hitool-core/src/radix_codec.rs::custom_radix_alphabets_round_trip_and_validate,Hutool overloads are consolidated into typed Rust APIs; official Hutool vectors are asserted.
"cn.hutool.core.codec::Base32Codec::decode#byte[] (CharSequence encoded, boolean useHex)",idiomatic,"hitool_core::{Base32Encoder,Base32Decoder,base32_encode_text,base32_decode_text,base32_encode_file,base32_decode_to_file}",crates/hitool-core/src/radix_codec.rs::custom_radix_alphabets_round_trip_and_validate,Hutool overloads are consolidated into typed Rust APIs; official Hutool vectors are asserted.
cn.hutool.core.codec::Base58#,idiomatic,"hitool_core::{Base58Encoder,Base58Decoder,base58_encode_checked,base58_decode_checked}",crates/hitool-core/src/radix_codec.rs::custom_radix_alphabets_round_trip_and_validate,Hutool overloads are consolidated into typed Rust APIs; official Hutool vectors are asserted.
"cn.hutool.core.codec::Base58::encodeChecked#String (Integer version, byte[] data)",idiomatic,"hitool_core::{Base58Encoder,Base58Decoder,base58_encode_checked,base58_decode_checked}",crates/hitool-core/src/radix_codec.rs::custom_radix_alphabets_round_trip_and_validate,Hutool overloads are consolidated into typed Rust APIs; official Hutool vectors are asserted.
cn.hutool.core.codec::Base58::encode#String (byte[] data),idiomatic,"hitool_core::{Base58Encoder,Base58Decoder,base58_encode_checked,base58_decode_checked}",crates/hitool-core/src/radix_codec.rs::custom_radix_alphabets_round_trip_and_validate,Hutool overloads are consolidated into typed Rust APIs; official Hutool vectors are asserted.
cn.hutool.core.codec::Base58::decodeChecked#byte[] (CharSequence encoded),idiomatic,"hitool_core::{Base58Encoder,Base58Decoder,base58_encode_checked,base58_decode_checked}",crates/hitool-core/src/radix_codec.rs::custom_radix_alphabets_round_trip_and_validate,Hutool overloads are consolidated into typed Rust APIs; official Hutool vectors are asserted.
"cn.hutool.core.codec::Base58::decodeChecked#byte[] (CharSequence encoded, boolean withVersion)",idiomatic,"hitool_core::{Base58Encoder,Base58Decoder,base58_encode_checked,base58_decode_checked}",crates/hitool-core/src/radix_codec.rs::custom_radix_alphabets_round_trip_and_validate,Hutool overloads are consolidated into typed Rust APIs; official Hutool vectors are asserted.
cn.hutool.core.codec::Base58::decode#byte[] (CharSequence encoded),idiomatic,"hitool_core::{Base58Encoder,Base58Decoder,base58_encode_checked,base58_decode_checked}",crates/hitool-core/src/radix_codec.rs::custom_radix_alphabets_round_trip_and_validate,Hutool overloads are consolidated into typed Rust APIs; official Hutool vectors are asserted.
cn.hutool.core.codec::Base58Codec#,idiomatic,"hitool_core::{Base58Encoder,Base58Decoder,base58_encode_checked,base58_decode_checked}",crates/hitool-core/src/radix_codec.rs::custom_radix_alphabets_round_trip_and_validate,Hutool overloads are consolidated into typed Rust APIs; official Hutool vectors are asserted.
cn.hutool.core.codec::Base58Codec::encode#String (byte[] data),idiomatic,"hitool_core::{Base58Encoder,Base58Decoder,base58_encode_checked,base58_decode_checked}",crates/hitool-core/src/radix_codec.rs::custom_radix_alphabets_round_trip_and_validate,Hutool overloads are consolidated into typed Rust APIs; official Hutool vectors are asserted.
cn.hutool.core.codec::Base58Codec::decode#byte[] (CharSequence encoded),idiomatic,"hitool_core::{Base58Encoder,Base58Decoder,base58_encode_checked,base58_decode_checked}",crates/hitool-core/src/radix_codec.rs::custom_radix_alphabets_round_trip_and_validate,Hutool overloads are consolidated into typed Rust APIs; official Hutool vectors are asserted.
cn.hutool.core.codec::Base62#,idiomatic,"hitool_core::{Base62Encoder,Base62Decoder,base62_encode_text,base62_decode_text,base62_encode_file,base62_decode_to_file}",crates/hitool-core/src/radix_codec.rs::text_stream_file_and_bcd_overloads_are_bounded_and_reversible,Hutool overloads are consolidated into typed Rust APIs; official Hutool vectors are asserted.
cn.hutool.core.codec::Base62::encode#String (CharSequence source),idiomatic,"hitool_core::{Base62Encoder,Base62Decoder,base62_encode_text,base62_decode_text,base62_encode_file,base62_decode_to_file}",crates/hitool-core/src/radix_codec.rs::text_stream_file_and_bcd_overloads_are_bounded_and_reversible,Hutool overloads are consolidated into typed Rust APIs; official Hutool vectors are asserted.
cn.hutool.core.codec::Base62::encode#String (byte[] source),idiomatic,"hitool_core::{Base62Encoder,Base62Decoder,base62_encode_text,base62_decode_text,base62_encode_file,base62_decode_to_file}",crates/hitool-core/src/radix_codec.rs::text_stream_file_and_bcd_overloads_are_bounded_and_reversible,Hutool overloads are consolidated into typed Rust APIs; official Hutool vectors are asserted.
cn.hutool.core.codec::Base62::encodeInverted#String (CharSequence source),idiomatic,"hitool_core::{Base62Encoder,Base62Decoder,base62_encode_text,base62_decode_text,base62_encode_file,base62_decode_to_file}",crates/hitool-core/src/radix_codec.rs::text_stream_file_and_bcd_overloads_are_bounded_and_reversible,Hutool overloads are consolidated into typed Rust APIs; official Hutool vectors are asserted.
cn.hutool.core.codec::Base62::encodeInverted#String (byte[] source),idiomatic,"hitool_core::{Base62Encoder,Base62Decoder,base62_encode_text,base62_decode_text,base62_encode_file,base62_decode_to_file}",crates/hitool-core/src/radix_codec.rs::text_stream_file_and_bcd_overloads_are_bounded_and_reversible,Hutool overloads are consolidated into typed Rust APIs; official Hutool vectors are asserted.
cn.hutool.core.codec::Base62::decodeStr#String (CharSequence source),idiomatic,"hitool_core::{Base62Encoder,Base62Decoder,base62_encode_text,base62_decode_text,base62_encode_file,base62_decode_to_file}",crates/hitool-core/src/radix_codec.rs::text_stream_file_and_bcd_overloads_are_bounded_and_reversible,Hutool overloads are consolidated into typed Rust APIs; official Hutool vectors are asserted.
cn.hutool.core.codec::Base62::decode#byte[] (CharSequence base62Str),idiomatic,"hitool_core::{Base62Encoder,Base62Decoder,base62_encode_text,base62_decode_text,base62_encode_file,base62_decode_to_file}",crates/hitool-core/src/radix_codec.rs::text_stream_file_and_bcd_overloads_are_bounded_and_reversible,Hutool overloads are consolidated into typed Rust APIs; official Hutool vectors are asserted.
cn.hutool.core.codec::Base62::decode#byte[] (byte[] base62bytes),idiomatic,"hitool_core::{Base62Encoder,Base62Decoder,base62_encode_text,base62_decode_text,base62_encode_file,base62_decode_to_file}",crates/hitool-core/src/radix_codec.rs::text_stream_file_and_bcd_overloads_are_bounded_and_reversible,Hutool overloads are consolidated into typed Rust APIs; official Hutool vectors are asserted.
cn.hutool.core.codec::Base62::decodeStrInverted#String (CharSequence source),idiomatic,"hitool_core::{Base62Encoder,Base62Decoder,base62_encode_text,base62_decode_text,base62_encode_file,base62_decode_to_file}",crates/hitool-core/src/radix_codec.rs::text_stream_file_and_bcd_overloads_are_bounded_and_reversible,Hutool overloads are consolidated into typed Rust APIs; official Hutool vectors are asserted.
cn.hutool.core.codec::Base62::decodeInverted#byte[] (CharSequence base62Str),idiomatic,"hitool_core::{Base62Encoder,Base62Decoder,base62_encode_text,base62_decode_text,base62_encode_file,base62_decode_to_file}",crates/hitool-core/src/radix_codec.rs::text_stream_file_and_bcd_overloads_are_bounded_and_reversible,Hutool overloads are consolidated into typed Rust APIs; official Hutool vectors are asserted.
cn.hutool.core.codec::Base62::decodeInverted#byte[] (byte[] base62bytes),idiomatic,"hitool_core::{Base62Encoder,Base62Decoder,base62_encode_text,base62_decode_text,base62_encode_file,base62_decode_to_file}",crates/hitool-core/src/radix_codec.rs::text_stream_file_and_bcd_overloads_are_bounded_and_reversible,Hutool overloads are consolidated into typed Rust APIs; official Hutool vectors are asserted.
cn.hutool.core.codec::Base62Codec#,idiomatic,"hitool_core::{Base62Encoder,Base62Decoder,base62_encode_text,base62_decode_text,base62_encode_file,base62_decode_to_file}",crates/hitool-core/src/radix_codec.rs::text_stream_file_and_bcd_overloads_are_bounded_and_reversible,Hutool overloads are consolidated into typed Rust APIs; official Hutool vectors are asserted.
cn.hutool.core.codec::Base62Codec::encode#byte[] (byte[] data),idiomatic,"hitool_core::{Base62Encoder,Base62Decoder,base62_encode_text,base62_decode_text,base62_encode_file,base62_decode_to_file}",crates/hitool-core/src/radix_codec.rs::text_stream_file_and_bcd_overloads_are_bounded_and_reversible,Hutool overloads are consolidated into typed Rust APIs; official Hutool vectors are asserted.
"cn.hutool.core.codec::Base62Codec::encode#byte[] (byte[] data, boolean useInverted)",idiomatic,"hitool_core::{Base62Encoder,Base62Decoder,base62_encode_text,base62_decode_text,base62_encode_file,base62_decode_to_file}",crates/hitool-core/src/radix_codec.rs::text_stream_file_and_bcd_overloads_are_bounded_and_reversible,Hutool overloads are consolidated into typed Rust APIs; official Hutool vectors are asserted.
cn.hutool.core.codec::Base62Codec::decode#byte[] (byte[] encoded),idiomatic,"hitool_core::{Base62Encoder,Base62Decoder,base62_encode_text,base62_decode_text,base62_encode_file,base62_decode_to_file}",crates/hitool-core/src/radix_codec.rs::text_stream_file_and_bcd_overloads_are_bounded_and_reversible,Hutool overloads are consolidated into typed Rust APIs; official Hutool vectors are asserted.
"cn.hutool.core.codec::Base62Codec::decode#byte[] (byte[] encoded, boolean useInverted)",idiomatic,"hitool_core::{Base62Encoder,Base62Decoder,base62_encode_text,base62_decode_text,base62_encode_file,base62_decode_to_file}",crates/hitool-core/src/radix_codec.rs::text_stream_file_and_bcd_overloads_are_bounded_and_reversible,Hutool overloads are consolidated into typed Rust APIs; official Hutool vectors are asserted.
cn.hutool.core.codec::Caesar#,idiomatic,"hitool_core::{caesar_encode,caesar_decode}",crates/hitool-core/src/advanced_codec.rs::classical_codecs_are_reversible,Hutool overloads are consolidated into typed Rust APIs; official Hutool vectors are asserted.
"cn.hutool.core.codec::Caesar::encode#String (String message, int offset)",idiomatic,"hitool_core::{caesar_encode,caesar_decode}",crates/hitool-core/src/advanced_codec.rs::classical_codecs_are_reversible,Hutool overloads are consolidated into typed Rust APIs; official Hutool vectors are asserted.
"cn.hutool.core.codec::Caesar::decode#String (String cipherText, int offset)",idiomatic,"hitool_core::{caesar_encode,caesar_decode}",crates/hitool-core/src/advanced_codec.rs::classical_codecs_are_reversible,Hutool overloads are consolidated into typed Rust APIs; official Hutool vectors are asserted.
cn.hutool.core.codec::Hashids#,idiomatic,hitool_core::HashIds,crates/hitool-core/src/advanced_codec.rs::hashids_support_numbers_hex_and_custom_alphabet,Hutool overloads are consolidated into typed Rust APIs; official Hutool vectors are asserted.
cn.hutool.core.codec::Hashids::create#Hashids (final char[] salt),idiomatic,hitool_core::HashIds,crates/hitool-core/src/advanced_codec.rs::hashids_support_numbers_hex_and_custom_alphabet,Hutool overloads are consolidated into typed Rust APIs; official Hutool vectors are asserted.
"cn.hutool.core.codec::Hashids::create#Hashids (final char[] salt, final int minLength)",idiomatic,hitool_core::HashIds,crates/hitool-core/src/advanced_codec.rs::hashids_support_numbers_hex_and_custom_alphabet,Hutool overloads are consolidated into typed Rust APIs; official Hutool vectors are asserted.
"cn.hutool.core.codec::Hashids::create#Hashids (final char[] salt, final char[] alphabet, final int minLength)",idiomatic,hitool_core::HashIds,crates/hitool-core/src/advanced_codec.rs::hashids_support_numbers_hex_and_custom_alphabet,Hutool overloads are consolidated into typed Rust APIs; official Hutool vectors are asserted.
"cn.hutool.core.codec::Hashids::Hashids#(final char[] salt, final char[] alphabet, final int minLength)",idiomatic,hitool_core::HashIds,crates/hitool-core/src/advanced_codec.rs::hashids_support_numbers_hex_and_custom_alphabet,Hutool overloads are consolidated into typed Rust APIs; official Hutool vectors are asserted.
cn.hutool.core.codec::Hashids::encodeFromHex#String (final String hexNumbers),idiomatic,hitool_core::HashIds,crates/hitool-core/src/advanced_codec.rs::hashids_support_numbers_hex_and_custom_alphabet,Hutool overloads are consolidated into typed Rust APIs; official Hutool vectors are asserted.
cn.hutool.core.codec::Hashids::encode#String (final long... numbers),idiomatic,hitool_core::HashIds,crates/hitool-core/src/advanced_codec.rs::hashids_support_numbers_hex_and_custom_alphabet,Hutool overloads are consolidated into typed Rust APIs; official Hutool vectors are asserted.
cn.hutool.core.codec::Hashids::decodeToHex#String (final String hash),idiomatic,hitool_core::HashIds,crates/hitool-core/src/advanced_codec.rs::hashids_support_numbers_hex_and_custom_alphabet,Hutool overloads are consolidated into typed Rust APIs; official Hutool vectors are asserted.
cn.hutool.core.codec::Hashids::decode#long[] (final String hash),idiomatic,hitool_core::HashIds,crates/hitool-core/src/advanced_codec.rs::hashids_support_numbers_hex_and_custom_alphabet,Hutool overloads are consolidated into typed Rust APIs; official Hutool vectors are asserted.
cn.hutool.core.codec::Morse#,idiomatic,hitool_core::MorseCodec,crates/hitool-core/src/advanced_codec.rs::morse_handles_dictionary_custom_markers_and_unicode_fallback,Hutool overloads are consolidated into typed Rust APIs; official Hutool vectors are asserted.
cn.hutool.core.codec::Morse::Morse#(),idiomatic,hitool_core::MorseCodec,crates/hitool-core/src/advanced_codec.rs::morse_handles_dictionary_custom_markers_and_unicode_fallback,Hutool overloads are consolidated into typed Rust APIs; official Hutool vectors are asserted.
"cn.hutool.core.codec::Morse::Morse#(char dit, char dah, char split)",idiomatic,hitool_core::MorseCodec,crates/hitool-core/src/advanced_codec.rs::morse_handles_dictionary_custom_markers_and_unicode_fallback,Hutool overloads are consolidated into typed Rust APIs; official Hutool vectors are asserted.
cn.hutool.core.codec::Morse::encode#String (String text),idiomatic,hitool_core::MorseCodec,crates/hitool-core/src/advanced_codec.rs::morse_handles_dictionary_custom_markers_and_unicode_fallback,Hutool overloads are consolidated into typed Rust APIs; official Hutool vectors are asserted.
cn.hutool.core.codec::Morse::decode#String (String morse),idiomatic,hitool_core::MorseCodec,crates/hitool-core/src/advanced_codec.rs::morse_handles_dictionary_custom_markers_and_unicode_fallback,Hutool overloads are consolidated into typed Rust APIs; official Hutool vectors are asserted.
cn.hutool.core.codec::PunyCode#,idiomatic,"hitool_core::{punycode_encode_prefixed,punycode_decode,idna_encode_domain,idna_decode_domain}",crates/hitool-core/src/advanced_codec.rs::punycode_and_idna_round_trip,Hutool overloads are consolidated into typed Rust APIs; official Hutool vectors are asserted.
cn.hutool.core.codec::PunyCode::encodeDomain#String (String domain),idiomatic,"hitool_core::{punycode_encode_prefixed,punycode_decode,idna_encode_domain,idna_decode_domain}",crates/hitool-core/src/advanced_codec.rs::punycode_and_idna_round_trip,Hutool overloads are consolidated into typed Rust APIs; official Hutool vectors are asserted.
cn.hutool.core.codec::PunyCode::encode#String (CharSequence input),idiomatic,"hitool_core::{punycode_encode_prefixed,punycode_decode,idna_encode_domain,idna_decode_domain}",crates/hitool-core/src/advanced_codec.rs::punycode_and_idna_round_trip,Hutool overloads are consolidated into typed Rust APIs; official Hutool vectors are asserted.
"cn.hutool.core.codec::PunyCode::encode#String (CharSequence input, boolean withPrefix)",idiomatic,"hitool_core::{punycode_encode_prefixed,punycode_decode,idna_encode_domain,idna_decode_domain}",crates/hitool-core/src/advanced_codec.rs::punycode_and_idna_round_trip,Hutool overloads are consolidated into typed Rust APIs; official Hutool vectors are asserted.
cn.hutool.core.codec::PunyCode::decodeDomain#String (String domain),idiomatic,"hitool_core::{punycode_encode_prefixed,punycode_decode,idna_encode_domain,idna_decode_domain}",crates/hitool-core/src/advanced_codec.rs::punycode_and_idna_round_trip,Hutool overloads are consolidated into typed Rust APIs; official Hutool vectors are asserted.
cn.hutool.core.codec::PunyCode::decode#String (String input),idiomatic,"hitool_core::{punycode_encode_prefixed,punycode_decode,idna_encode_domain,idna_decode_domain}",crates/hitool-core/src/advanced_codec.rs::punycode_and_idna_round_trip,Hutool overloads are consolidated into typed Rust APIs; official Hutool vectors are asserted.
cn.hutool.core.codec::Rot#,idiomatic,"hitool_core::{rot_encode,rot_decode}",crates/hitool-core/src/advanced_codec.rs::classical_codecs_are_reversible,Hutool overloads are consolidated into typed Rust APIs; official Hutool vectors are asserted.
cn.hutool.core.codec::Rot::encode13#String (String message),idiomatic,"hitool_core::{rot_encode,rot_decode}",crates/hitool-core/src/advanced_codec.rs::classical_codecs_are_reversible,Hutool overloads are consolidated into typed Rust APIs; official Hutool vectors are asserted.
"cn.hutool.core.codec::Rot::encode13#String (String message, boolean isEncodeNumber)",idiomatic,"hitool_core::{rot_encode,rot_decode}",crates/hitool-core/src/advanced_codec.rs::classical_codecs_are_reversible,Hutool overloads are consolidated into typed Rust APIs; official Hutool vectors are asserted.
"cn.hutool.core.codec::Rot::encode#String (String message, int offset, boolean isEncodeNumber)",idiomatic,"hitool_core::{rot_encode,rot_decode}",crates/hitool-core/src/advanced_codec.rs::classical_codecs_are_reversible,Hutool overloads are consolidated into typed Rust APIs; official Hutool vectors are asserted.
cn.hutool.core.codec::Rot::decode13#String (String rot),idiomatic,"hitool_core::{rot_encode,rot_decode}",crates/hitool-core/src/advanced_codec.rs::classical_codecs_are_reversible,Hutool overloads are consolidated into typed Rust APIs; official Hutool vectors are asserted.
"cn.hutool.core.codec::Rot::decode13#String (String rot, boolean isDecodeNumber)",idiomatic,"hitool_core::{rot_encode,rot_decode}",crates/hitool-core/src/advanced_codec.rs::classical_codecs_are_reversible,Hutool overloads are consolidated into typed Rust APIs; official Hutool vectors are asserted.
"cn.hutool.core.codec::Rot::decode#String (String rot, int offset, boolean isDecodeNumber)",idiomatic,"hitool_core::{rot_encode,rot_decode}",crates/hitool-core/src/advanced_codec.rs::classical_codecs_are_reversible,Hutool overloads are consolidated into typed Rust APIs; official Hutool vectors are asserted.
cn.hutool.core.codec::Base16Codec#,idiomatic,hitool_core::Base16Codec,crates/hitool-core/src/hutool_codec.rs::base16_matches_hutool_whitespace_odd_length_and_unicode_rules,Hutool overloads are consolidated into typed Rust APIs; official Hutool vectors are asserted.
cn.hutool.core.codec::Base16Codec::Base16Codec#(boolean lowerCase),idiomatic,hitool_core::Base16Codec,crates/hitool-core/src/hutool_codec.rs::base16_matches_hutool_whitespace_odd_length_and_unicode_rules,Hutool overloads are consolidated into typed Rust APIs; official Hutool vectors are asserted.
cn.hutool.core.codec::Base16Codec::encode#char[] (byte[] data),idiomatic,hitool_core::Base16Codec,crates/hitool-core/src/hutool_codec.rs::base16_matches_hutool_whitespace_odd_length_and_unicode_rules,Hutool overloads are consolidated into typed Rust APIs; official Hutool vectors are asserted.
cn.hutool.core.codec::Base16Codec::decode#byte[] (CharSequence encoded),idiomatic,hitool_core::Base16Codec,crates/hitool-core/src/hutool_codec.rs::base16_matches_hutool_whitespace_odd_length_and_unicode_rules,Hutool overloads are consolidated into typed Rust APIs; official Hutool vectors are asserted.
cn.hutool.core.codec::Base16Codec::toUnicodeHex#String (char ch),idiomatic,hitool_core::Base16Codec,crates/hitool-core/src/hutool_codec.rs::base16_matches_hutool_whitespace_odd_length_and_unicode_rules,Hutool overloads are consolidated into typed Rust APIs; official Hutool vectors are asserted.
"cn.hutool.core.codec::Base16Codec::appendHex#void (StringBuilder builder, byte b)",idiomatic,hitool_core::Base16Codec,crates/hitool-core/src/hutool_codec.rs::base16_matches_hutool_whitespace_odd_length_and_unicode_rules,Hutool overloads are consolidated into typed Rust APIs; official Hutool vectors are asserted.
cn.hutool.core.codec::Base64#,idiomatic,"hitool_core::{base64_encode_config,base64_decode_tolerant,base64_encode_text,base64_decode_text}",crates/hitool-core/src/hutool_codec.rs::base64_supports_hutool_variants_and_tolerant_decoding,Hutool overloads are consolidated into typed Rust APIs; official Hutool vectors are asserted.
"cn.hutool.core.codec::Base64::encode#byte[] (byte[] arr, boolean lineSep)",idiomatic,"hitool_core::{base64_encode_config,base64_decode_tolerant,base64_encode_text,base64_decode_text}",crates/hitool-core/src/hutool_codec.rs::base64_supports_hutool_variants_and_tolerant_decoding,Hutool overloads are consolidated into typed Rust APIs; official Hutool vectors are asserted.
"cn.hutool.core.codec::Base64::encodeUrlSafe#byte[] (byte[] arr, boolean lineSep)",idiomatic,"hitool_core::{base64_encode_config,base64_decode_tolerant,base64_encode_text,base64_decode_text}",crates/hitool-core/src/hutool_codec.rs::base64_supports_hutool_variants_and_tolerant_decoding,Hutool overloads are consolidated into typed Rust APIs; official Hutool vectors are asserted.
cn.hutool.core.codec::Base64::encode#String (CharSequence source),idiomatic,"hitool_core::{base64_encode_config,base64_decode_tolerant,base64_encode_text,base64_decode_text}",crates/hitool-core/src/hutool_codec.rs::base64_supports_hutool_variants_and_tolerant_decoding,Hutool overloads are consolidated into typed Rust APIs; official Hutool vectors are asserted.
cn.hutool.core.codec::Base64::encodeUrlSafe#String (CharSequence source),idiomatic,"hitool_core::{base64_encode_config,base64_decode_tolerant,base64_encode_text,base64_decode_text}",crates/hitool-core/src/hutool_codec.rs::base64_supports_hutool_variants_and_tolerant_decoding,Hutool overloads are consolidated into typed Rust APIs; official Hutool vectors are asserted.
"cn.hutool.core.codec::Base64::encode#String (CharSequence source, String charset)",idiomatic,"hitool_core::{base64_encode_config,base64_decode_tolerant,base64_encode_text,base64_decode_text}",crates/hitool-core/src/hutool_codec.rs::base64_supports_hutool_variants_and_tolerant_decoding,Hutool overloads are consolidated into typed Rust APIs; official Hutool vectors are asserted.
"cn.hutool.core.codec::Base64::encodeWithoutPadding#String (CharSequence source, String charset)",idiomatic,"hitool_core::{base64_encode_config,base64_decode_tolerant,base64_encode_text,base64_decode_text}",crates/hitool-core/src/hutool_codec.rs::base64_supports_hutool_variants_and_tolerant_decoding,Hutool overloads are consolidated into typed Rust APIs; official Hutool vectors are asserted.
"cn.hutool.core.codec::Base64::encodeUrlSafe#String (CharSequence source, String charset)",idiomatic,"hitool_core::{base64_encode_config,base64_decode_tolerant,base64_encode_text,base64_decode_text}",crates/hitool-core/src/hutool_codec.rs::base64_supports_hutool_variants_and_tolerant_decoding,Hutool overloads are consolidated into typed Rust APIs; official Hutool vectors are asserted.
"cn.hutool.core.codec::Base64::encode#String (CharSequence source, Charset charset)",idiomatic,"hitool_core::{base64_encode_config,base64_decode_tolerant,base64_encode_text,base64_decode_text}",crates/hitool-core/src/hutool_codec.rs::base64_supports_hutool_variants_and_tolerant_decoding,Hutool overloads are consolidated into typed Rust APIs; official Hutool vectors are asserted.
"cn.hutool.core.codec::Base64::encodeUrlSafe#String (CharSequence source, Charset charset)",idiomatic,"hitool_core::{base64_encode_config,base64_decode_tolerant,base64_encode_text,base64_decode_text}",crates/hitool-core/src/hutool_codec.rs::base64_supports_hutool_variants_and_tolerant_decoding,Hutool overloads are consolidated into typed Rust APIs; official Hutool vectors are asserted.
cn.hutool.core.codec::Base64::encode#String (byte[] source),idiomatic,"hitool_core::{base64_encode_config,base64_decode_tolerant,base64_encode_text,base64_decode_text}",crates/hitool-core/src/hutool_codec.rs::base64_supports_hutool_variants_and_tolerant_decoding,Hutool overloads are consolidated into typed Rust APIs; official Hutool vectors are asserted.
cn.hutool.core.codec::Base64::encodeWithoutPadding#String (byte[] source),idiomatic,"hitool_core::{base64_encode_config,base64_decode_tolerant,base64_encode_text,base64_decode_text}",crates/hitool-core/src/hutool_codec.rs::base64_supports_hutool_variants_and_tolerant_decoding,Hutool overloads are consolidated into typed Rust APIs; official Hutool vectors are asserted.
cn.hutool.core.codec::Base64::encodeUrlSafe#String (byte[] source),idiomatic,"hitool_core::{base64_encode_config,base64_decode_tolerant,base64_encode_text,base64_decode_text}",crates/hitool-core/src/hutool_codec.rs::base64_supports_hutool_variants_and_tolerant_decoding,Hutool overloads are consolidated into typed Rust APIs; official Hutool vectors are asserted.
cn.hutool.core.codec::Base64::encode#String (InputStream in),idiomatic,"hitool_core::{base64_encode_config,base64_decode_tolerant,base64_encode_text,base64_decode_text}",crates/hitool-core/src/hutool_codec.rs::base64_supports_hutool_variants_and_tolerant_decoding,Hutool overloads are consolidated into typed Rust APIs; official Hutool vectors are asserted.
cn.hutool.core.codec::Base64::encodeUrlSafe#String (InputStream in),idiomatic,"hitool_core::{base64_encode_config,base64_decode_tolerant,base64_encode_text,base64_decode_text}",crates/hitool-core/src/hutool_codec.rs::base64_supports_hutool_variants_and_tolerant_decoding,Hutool overloads are consolidated into typed Rust APIs; official Hutool vectors are asserted.
cn.hutool.core.codec::Base64::encode#String (File file),idiomatic,"hitool_core::{base64_encode_config,base64_decode_tolerant,base64_encode_text,base64_decode_text}",crates/hitool-core/src/hutool_codec.rs::base64_supports_hutool_variants_and_tolerant_decoding,Hutool overloads are consolidated into typed Rust APIs; official Hutool vectors are asserted.
cn.hutool.core.codec::Base64::encodeUrlSafe#String (File file),idiomatic,"hitool_core::{base64_encode_config,base64_decode_tolerant,base64_encode_text,base64_decode_text}",crates/hitool-core/src/hutool_codec.rs::base64_supports_hutool_variants_and_tolerant_decoding,Hutool overloads are consolidated into typed Rust APIs; official Hutool vectors are asserted.
"cn.hutool.core.codec::Base64::encodeStr#String (byte[] arr, boolean isMultiLine, boolean isUrlSafe)",idiomatic,"hitool_core::{base64_encode_config,base64_decode_tolerant,base64_encode_text,base64_decode_text}",crates/hitool-core/src/hutool_codec.rs::base64_supports_hutool_variants_and_tolerant_decoding,Hutool overloads are consolidated into typed Rust APIs; official Hutool vectors are asserted.
"cn.hutool.core.codec::Base64::encode#byte[] (byte[] arr, boolean isMultiLine, boolean isUrlSafe)",idiomatic,"hitool_core::{base64_encode_config,base64_decode_tolerant,base64_encode_text,base64_decode_text}",crates/hitool-core/src/hutool_codec.rs::base64_supports_hutool_variants_and_tolerant_decoding,Hutool overloads are consolidated into typed Rust APIs; official Hutool vectors are asserted.
cn.hutool.core.codec::Base64::decodeStrGbk#String (CharSequence source),idiomatic,"hitool_core::{base64_encode_config,base64_decode_tolerant,base64_encode_text,base64_decode_text}",crates/hitool-core/src/hutool_codec.rs::base64_supports_hutool_variants_and_tolerant_decoding,Hutool overloads are consolidated into typed Rust APIs; official Hutool vectors are asserted.
cn.hutool.core.codec::Base64::decodeStr#String (CharSequence source),idiomatic,"hitool_core::{base64_encode_config,base64_decode_tolerant,base64_encode_text,base64_decode_text}",crates/hitool-core/src/hutool_codec.rs::base64_supports_hutool_variants_and_tolerant_decoding,Hutool overloads are consolidated into typed Rust APIs; official Hutool vectors are asserted.
"cn.hutool.core.codec::Base64::decodeStr#String (CharSequence source, String charset)",idiomatic,"hitool_core::{base64_encode_config,base64_decode_tolerant,base64_encode_text,base64_decode_text}",crates/hitool-core/src/hutool_codec.rs::base64_supports_hutool_variants_and_tolerant_decoding,Hutool overloads are consolidated into typed Rust APIs; official Hutool vectors are asserted.
"cn.hutool.core.codec::Base64::decodeStr#String (CharSequence source, Charset charset)",idiomatic,"hitool_core::{base64_encode_config,base64_decode_tolerant,base64_encode_text,base64_decode_text}",crates/hitool-core/src/hutool_codec.rs::base64_supports_hutool_variants_and_tolerant_decoding,Hutool overloads are consolidated into typed Rust APIs; official Hutool vectors are asserted.
"cn.hutool.core.codec::Base64::decodeToFile#File (CharSequence base64, File destFile)",idiomatic,"hitool_core::{base64_encode_config,base64_decode_tolerant,base64_encode_text,base64_decode_text}",crates/hitool-core/src/hutool_codec.rs::base64_supports_hutool_variants_and_tolerant_decoding,Hutool overloads are consolidated into typed Rust APIs; official Hutool vectors are asserted.
"cn.hutool.core.codec::Base64::decodeToStream#void (CharSequence base64, OutputStream out, boolean isCloseOut)",idiomatic,"hitool_core::{base64_encode_config,base64_decode_tolerant,base64_encode_text,base64_decode_text}",crates/hitool-core/src/hutool_codec.rs::base64_supports_hutool_variants_and_tolerant_decoding,Hutool overloads are consolidated into typed Rust APIs; official Hutool vectors are asserted.
cn.hutool.core.codec::Base64::decode#byte[] (CharSequence base64),idiomatic,"hitool_core::{base64_encode_config,base64_decode_tolerant,base64_encode_text,base64_decode_text}",crates/hitool-core/src/hutool_codec.rs::base64_supports_hutool_variants_and_tolerant_decoding,Hutool overloads are consolidated into typed Rust APIs; official Hutool vectors are asserted.
cn.hutool.core.codec::Base64::decode#byte[] (byte[] in),idiomatic,"hitool_core::{base64_encode_config,base64_decode_tolerant,base64_encode_text,base64_decode_text}",crates/hitool-core/src/hutool_codec.rs::base64_supports_hutool_variants_and_tolerant_decoding,Hutool overloads are consolidated into typed Rust APIs; official Hutool vectors are asserted.
cn.hutool.core.codec::Base64::isBase64#boolean (CharSequence base64),idiomatic,"hitool_core::{base64_encode_config,base64_decode_tolerant,base64_encode_text,base64_decode_text}",crates/hitool-core/src/hutool_codec.rs::base64_supports_hutool_variants_and_tolerant_decoding,Hutool overloads are consolidated into typed Rust APIs; official Hutool vectors are asserted.
cn.hutool.core.codec::Base64::isBase64#boolean (byte[] base64Bytes),idiomatic,"hitool_core::{base64_encode_config,base64_decode_tolerant,base64_encode_text,base64_decode_text}",crates/hitool-core/src/hutool_codec.rs::base64_supports_hutool_variants_and_tolerant_decoding,Hutool overloads are consolidated into typed Rust APIs; official Hutool vectors are asserted.
cn.hutool.core.codec::Base64Decoder#,idiomatic,"hitool_core::{base64_encode_config,base64_decode_tolerant,base64_encode_text,base64_decode_text}",crates/hitool-core/src/hutool_codec.rs::base64_supports_hutool_variants_and_tolerant_decoding,Hutool overloads are consolidated into typed Rust APIs; official Hutool vectors are asserted.
cn.hutool.core.codec::Base64Decoder::decodeStr#String (CharSequence source),idiomatic,"hitool_core::{base64_encode_config,base64_decode_tolerant,base64_encode_text,base64_decode_text}",crates/hitool-core/src/hutool_codec.rs::base64_supports_hutool_variants_and_tolerant_decoding,Hutool overloads are consolidated into typed Rust APIs; official Hutool vectors are asserted.
"cn.hutool.core.codec::Base64Decoder::decodeStr#String (CharSequence source, Charset charset)",idiomatic,"hitool_core::{base64_encode_config,base64_decode_tolerant,base64_encode_text,base64_decode_text}",crates/hitool-core/src/hutool_codec.rs::base64_supports_hutool_variants_and_tolerant_decoding,Hutool overloads are consolidated into typed Rust APIs; official Hutool vectors are asserted.
cn.hutool.core.codec::Base64Decoder::decode#byte[] (CharSequence source),idiomatic,"hitool_core::{base64_encode_config,base64_decode_tolerant,base64_encode_text,base64_decode_text}",crates/hitool-core/src/hutool_codec.rs::base64_supports_hutool_variants_and_tolerant_decoding,Hutool overloads are consolidated into typed Rust APIs; official Hutool vectors are asserted.
cn.hutool.core.codec::Base64Decoder::decode#byte[] (byte[] in),idiomatic,"hitool_core::{base64_encode_config,base64_decode_tolerant,base64_encode_text,base64_decode_text}",crates/hitool-core/src/hutool_codec.rs::base64_supports_hutool_variants_and_tolerant_decoding,Hutool overloads are consolidated into typed Rust APIs; official Hutool vectors are asserted.
"cn.hutool.core.codec::Base64Decoder::decode#byte[] (byte[] in, int pos, int length)",idiomatic,"hitool_core::{base64_encode_config,base64_decode_tolerant,base64_encode_text,base64_decode_text}",crates/hitool-core/src/hutool_codec.rs::base64_supports_hutool_variants_and_tolerant_decoding,Hutool overloads are consolidated into typed Rust APIs; official Hutool vectors are asserted.
cn.hutool.core.codec::Base64Decoder::isBase64Code#boolean (byte octet),idiomatic,"hitool_core::{base64_encode_config,base64_decode_tolerant,base64_encode_text,base64_decode_text}",crates/hitool-core/src/hutool_codec.rs::base64_supports_hutool_variants_and_tolerant_decoding,Hutool overloads are consolidated into typed Rust APIs; official Hutool vectors are asserted.
cn.hutool.core.codec::Base64Encoder#,idiomatic,"hitool_core::{base64_encode_config,base64_decode_tolerant,base64_encode_text,base64_decode_text}",crates/hitool-core/src/hutool_codec.rs::base64_supports_hutool_variants_and_tolerant_decoding,Hutool overloads are consolidated into typed Rust APIs; official Hutool vectors are asserted.
"cn.hutool.core.codec::Base64Encoder::encode#byte[] (byte[] arr, boolean lineSep)",idiomatic,"hitool_core::{base64_encode_config,base64_decode_tolerant,base64_encode_text,base64_decode_text}",crates/hitool-core/src/hutool_codec.rs::base64_supports_hutool_variants_and_tolerant_decoding,Hutool overloads are consolidated into typed Rust APIs; official Hutool vectors are asserted.
"cn.hutool.core.codec::Base64Encoder::encodeUrlSafe#byte[] (byte[] arr, boolean lineSep)",idiomatic,"hitool_core::{base64_encode_config,base64_decode_tolerant,base64_encode_text,base64_decode_text}",crates/hitool-core/src/hutool_codec.rs::base64_supports_hutool_variants_and_tolerant_decoding,Hutool overloads are consolidated into typed Rust APIs; official Hutool vectors are asserted.
cn.hutool.core.codec::Base64Encoder::encode#String (CharSequence source),idiomatic,"hitool_core::{base64_encode_config,base64_decode_tolerant,base64_encode_text,base64_decode_text}",crates/hitool-core/src/hutool_codec.rs::base64_supports_hutool_variants_and_tolerant_decoding,Hutool overloads are consolidated into typed Rust APIs; official Hutool vectors are asserted.
cn.hutool.core.codec::Base64Encoder::encodeUrlSafe#String (CharSequence source),idiomatic,"hitool_core::{base64_encode_config,base64_decode_tolerant,base64_encode_text,base64_decode_text}",crates/hitool-core/src/hutool_codec.rs::base64_supports_hutool_variants_and_tolerant_decoding,Hutool overloads are consolidated into typed Rust APIs; official Hutool vectors are asserted.
"cn.hutool.core.codec::Base64Encoder::encode#String (CharSequence source, Charset charset)",idiomatic,"hitool_core::{base64_encode_config,base64_decode_tolerant,base64_encode_text,base64_decode_text}",crates/hitool-core/src/hutool_codec.rs::base64_supports_hutool_variants_and_tolerant_decoding,Hutool overloads are consolidated into typed Rust APIs; official Hutool vectors are asserted.
"cn.hutool.core.codec::Base64Encoder::encodeUrlSafe#String (CharSequence source, Charset charset)",idiomatic,"hitool_core::{base64_encode_config,base64_decode_tolerant,base64_encode_text,base64_decode_text}",crates/hitool-core/src/hutool_codec.rs::base64_supports_hutool_variants_and_tolerant_decoding,Hutool overloads are consolidated into typed Rust APIs; official Hutool vectors are asserted.
cn.hutool.core.codec::Base64Encoder::encode#String (byte[] source),idiomatic,"hitool_core::{base64_encode_config,base64_decode_tolerant,base64_encode_text,base64_decode_text}",crates/hitool-core/src/hutool_codec.rs::base64_supports_hutool_variants_and_tolerant_decoding,Hutool overloads are consolidated into typed Rust APIs; official Hutool vectors are asserted.
cn.hutool.core.codec::Base64Encoder::encodeUrlSafe#String (byte[] source),idiomatic,"hitool_core::{base64_encode_config,base64_decode_tolerant,base64_encode_text,base64_decode_text}",crates/hitool-core/src/hutool_codec.rs::base64_supports_hutool_variants_and_tolerant_decoding,Hutool overloads are consolidated into typed Rust APIs; official Hutool vectors are asserted.
"cn.hutool.core.codec::Base64Encoder::encodeStr#String (byte[] arr, boolean isMultiLine, boolean isUrlSafe)",idiomatic,"hitool_core::{base64_encode_config,base64_decode_tolerant,base64_encode_text,base64_decode_text}",crates/hitool-core/src/hutool_codec.rs::base64_supports_hutool_variants_and_tolerant_decoding,Hutool overloads are consolidated into typed Rust APIs; official Hutool vectors are asserted.
"cn.hutool.core.codec::Base64Encoder::encode#byte[] (byte[] arr, boolean isMultiLine, boolean isUrlSafe)",idiomatic,"hitool_core::{base64_encode_config,base64_decode_tolerant,base64_encode_text,base64_decode_text}",crates/hitool-core/src/hutool_codec.rs::base64_supports_hutool_variants_and_tolerant_decoding,Hutool overloads are consolidated into typed Rust APIs; official Hutool vectors are asserted.
cn.hutool.core.codec::Decoder#,idiomatic,"hitool_core::{Encoder,Decoder}",crates/hitool-core/src/hutool_codec.rs::base16_matches_hutool_whitespace_odd_length_and_unicode_rules,Hutool overloads are consolidated into typed Rust APIs; official Hutool vectors are asserted.
cn.hutool.core.codec::Encoder#,idiomatic,"hitool_core::{Encoder,Decoder}",crates/hitool-core/src/hutool_codec.rs::base16_matches_hutool_whitespace_odd_length_and_unicode_rules,Hutool overloads are consolidated into typed Rust APIs; official Hutool vectors are asserted.
cn.hutool.core.codec::PercentCodec#,idiomatic,hitool_core::PercentCodec,crates/hitool-core/src/hutool_codec.rs::configurable_percent_codec_matches_hutool_safe_sets_and_plus_mode,Hutool overloads are consolidated into typed Rust APIs; official Hutool vectors are asserted.
cn.hutool.core.codec::PercentCodec::of#PercentCodec (PercentCodec codec),idiomatic,hitool_core::PercentCodec,crates/hitool-core/src/hutool_codec.rs::configurable_percent_codec_matches_hutool_safe_sets_and_plus_mode,Hutool overloads are consolidated into typed Rust APIs; official Hutool vectors are asserted.
cn.hutool.core.codec::PercentCodec::of#PercentCodec (CharSequence chars),idiomatic,hitool_core::PercentCodec,crates/hitool-core/src/hutool_codec.rs::configurable_percent_codec_matches_hutool_safe_sets_and_plus_mode,Hutool overloads are consolidated into typed Rust APIs; official Hutool vectors are asserted.
cn.hutool.core.codec::PercentCodec::PercentCodec#(),idiomatic,hitool_core::PercentCodec,crates/hitool-core/src/hutool_codec.rs::configurable_percent_codec_matches_hutool_safe_sets_and_plus_mode,Hutool overloads are consolidated into typed Rust APIs; official Hutool vectors are asserted.
cn.hutool.core.codec::PercentCodec::PercentCodec#(BitSet safeCharacters),idiomatic,hitool_core::PercentCodec,crates/hitool-core/src/hutool_codec.rs::configurable_percent_codec_matches_hutool_safe_sets_and_plus_mode,Hutool overloads are consolidated into typed Rust APIs; official Hutool vectors are asserted.
cn.hutool.core.codec::PercentCodec::addSafe#PercentCodec (char c),idiomatic,hitool_core::PercentCodec,crates/hitool-core/src/hutool_codec.rs::configurable_percent_codec_matches_hutool_safe_sets_and_plus_mode,Hutool overloads are consolidated into typed Rust APIs; official Hutool vectors are asserted.
cn.hutool.core.codec::PercentCodec::removeSafe#PercentCodec (char c),idiomatic,hitool_core::PercentCodec,crates/hitool-core/src/hutool_codec.rs::configurable_percent_codec_matches_hutool_safe_sets_and_plus_mode,Hutool overloads are consolidated into typed Rust APIs; official Hutool vectors are asserted.
cn.hutool.core.codec::PercentCodec::or#PercentCodec (PercentCodec codec),idiomatic,hitool_core::PercentCodec,crates/hitool-core/src/hutool_codec.rs::configurable_percent_codec_matches_hutool_safe_sets_and_plus_mode,Hutool overloads are consolidated into typed Rust APIs; official Hutool vectors are asserted.
cn.hutool.core.codec::PercentCodec::orNew#PercentCodec (PercentCodec codec),idiomatic,hitool_core::PercentCodec,crates/hitool-core/src/hutool_codec.rs::configurable_percent_codec_matches_hutool_safe_sets_and_plus_mode,Hutool overloads are consolidated into typed Rust APIs; official Hutool vectors are asserted.
cn.hutool.core.codec::PercentCodec::setEncodeSpaceAsPlus#PercentCodec (boolean encodeSpaceAsPlus),idiomatic,hitool_core::PercentCodec,crates/hitool-core/src/hutool_codec.rs::configurable_percent_codec_matches_hutool_safe_sets_and_plus_mode,Hutool overloads are consolidated into typed Rust APIs; official Hutool vectors are asserted.
"cn.hutool.core.codec::PercentCodec::encode#String (CharSequence path, Charset charset, char... customSafeChar)",idiomatic,hitool_core::PercentCodec,crates/hitool-core/src/hutool_codec.rs::configurable_percent_codec_matches_hutool_safe_sets_and_plus_mode,Hutool overloads are consolidated into typed Rust APIs; official Hutool vectors are asserted.
"cn.hutool.core.codec::BCD::ascToBcd#byte[] (byte[] ascii, int ascLength)",idiomatic,"hitool_core::{bcd_encode,bcd_decode,bcd_encode_ascii_prefix}",crates/hitool-core/src/radix_codec.rs::text_stream_file_and_bcd_overloads_are_bounded_and_reversible,Hutool overloads are consolidated into typed Rust APIs; official Hutool vectors are asserted.
"cn.hutool.core.codec::Base32::encode#String (String source, Charset charset)",idiomatic,"hitool_core::{Base32Encoder,Base32Decoder,base32_encode_text,base32_decode_text,base32_encode_file,base32_decode_to_file}",crates/hitool-core/src/radix_codec.rs::custom_radix_alphabets_round_trip_and_validate,Hutool overloads are consolidated into typed Rust APIs; official Hutool vectors are asserted.
"cn.hutool.core.codec::Base32::encodeHex#String (String source, Charset charset)",idiomatic,"hitool_core::{Base32Encoder,Base32Decoder,base32_encode_text,base32_decode_text,base32_encode_file,base32_decode_to_file}",crates/hitool-core/src/radix_codec.rs::custom_radix_alphabets_round_trip_and_validate,Hutool overloads are consolidated into typed Rust APIs; official Hutool vectors are asserted.
"cn.hutool.core.codec::Base32::decodeStr#String (String source, Charset charset)",idiomatic,"hitool_core::{Base32Encoder,Base32Decoder,base32_encode_text,base32_decode_text,base32_encode_file,base32_decode_to_file}",crates/hitool-core/src/radix_codec.rs::custom_radix_alphabets_round_trip_and_validate,Hutool overloads are consolidated into typed Rust APIs; official Hutool vectors are asserted.
"cn.hutool.core.codec::Base32::decodeStrHex#String (String source, Charset charset)",idiomatic,"hitool_core::{Base32Encoder,Base32Decoder,base32_encode_text,base32_decode_text,base32_encode_file,base32_decode_to_file}",crates/hitool-core/src/radix_codec.rs::custom_radix_alphabets_round_trip_and_validate,Hutool overloads are consolidated into typed Rust APIs; official Hutool vectors are asserted.
cn.hutool.core.codec::Base32Codec::Base32Encoder#,idiomatic,"hitool_core::{Base32Encoder,Base32Decoder,base32_encode_text,base32_decode_text,base32_encode_file,base32_decode_to_file}",crates/hitool-core/src/radix_codec.rs::custom_radix_alphabets_round_trip_and_validate,Hutool overloads are consolidated into typed Rust APIs; official Hutool vectors are asserted.
"cn.hutool.core.codec::Base32Codec::Base32Encoder::Base32Encoder#(String alphabet, Character pad)",idiomatic,"hitool_core::{Base32Encoder,Base32Decoder,base32_encode_text,base32_decode_text,base32_encode_file,base32_decode_to_file}",crates/hitool-core/src/radix_codec.rs::custom_radix_alphabets_round_trip_and_validate,Hutool overloads are consolidated into typed Rust APIs; official Hutool vectors are asserted.
cn.hutool.core.codec::Base32Codec::Base32Encoder::encode#String (byte[] data),idiomatic,"hitool_core::{Base32Encoder,Base32Decoder,base32_encode_text,base32_decode_text,base32_encode_file,base32_decode_to_file}",crates/hitool-core/src/radix_codec.rs::custom_radix_alphabets_round_trip_and_validate,Hutool overloads are consolidated into typed Rust APIs; official Hutool vectors are asserted.
cn.hutool.core.codec::Base32Codec::Base32Decoder#,idiomatic,"hitool_core::{Base32Encoder,Base32Decoder,base32_encode_text,base32_decode_text,base32_encode_file,base32_decode_to_file}",crates/hitool-core/src/radix_codec.rs::custom_radix_alphabets_round_trip_and_validate,Hutool overloads are consolidated into typed Rust APIs; official Hutool vectors are asserted.
cn.hutool.core.codec::Base32Codec::Base32Decoder::Base32Decoder#(String alphabet),idiomatic,"hitool_core::{Base32Encoder,Base32Decoder,base32_encode_text,base32_decode_text,base32_encode_file,base32_decode_to_file}",crates/hitool-core/src/radix_codec.rs::custom_radix_alphabets_round_trip_and_validate,Hutool overloads are consolidated into typed Rust APIs; official Hutool vectors are asserted.
cn.hutool.core.codec::Base32Codec::Base32Decoder::decode#byte[] (CharSequence encoded),idiomatic,"hitool_core::{Base32Encoder,Base32Decoder,base32_encode_text,base32_decode_text,base32_encode_file,base32_decode_to_file}",crates/hitool-core/src/radix_codec.rs::custom_radix_alphabets_round_trip_and_validate,Hutool overloads are consolidated into typed Rust APIs; official Hutool vectors are asserted.
cn.hutool.core.codec::Base58Codec::Base58Encoder#,idiomatic,"hitool_core::{Base58Encoder,Base58Decoder,base58_encode_checked,base58_decode_checked}",crates/hitool-core/src/radix_codec.rs::custom_radix_alphabets_round_trip_and_validate,Hutool overloads are consolidated into typed Rust APIs; official Hutool vectors are asserted.
cn.hutool.core.codec::Base58Codec::Base58Encoder::Base58Encoder#(char[] alphabet),idiomatic,"hitool_core::{Base58Encoder,Base58Decoder,base58_encode_checked,base58_decode_checked}",crates/hitool-core/src/radix_codec.rs::custom_radix_alphabets_round_trip_and_validate,Hutool overloads are consolidated into typed Rust APIs; official Hutool vectors are asserted.
cn.hutool.core.codec::Base58Codec::Base58Encoder::encode#String (byte[] data),idiomatic,"hitool_core::{Base58Encoder,Base58Decoder,base58_encode_checked,base58_decode_checked}",crates/hitool-core/src/radix_codec.rs::custom_radix_alphabets_round_trip_and_validate,Hutool overloads are consolidated into typed Rust APIs; official Hutool vectors are asserted.
cn.hutool.core.codec::Base58Codec::Base58Decoder#,idiomatic,"hitool_core::{Base58Encoder,Base58Decoder,base58_encode_checked,base58_decode_checked}",crates/hitool-core/src/radix_codec.rs::custom_radix_alphabets_round_trip_and_validate,Hutool overloads are consolidated into typed Rust APIs; official Hutool vectors are asserted.
cn.hutool.core.codec::Base58Codec::Base58Decoder::Base58Decoder#(String alphabet),idiomatic,"hitool_core::{Base58Encoder,Base58Decoder,base58_encode_checked,base58_decode_checked}",crates/hitool-core/src/radix_codec.rs::custom_radix_alphabets_round_trip_and_validate,Hutool overloads are consolidated into typed Rust APIs; official Hutool vectors are asserted.
cn.hutool.core.codec::Base58Codec::Base58Decoder::decode#byte[] (CharSequence encoded),idiomatic,"hitool_core::{Base58Encoder,Base58Decoder,base58_encode_checked,base58_decode_checked}",crates/hitool-core/src/radix_codec.rs::custom_radix_alphabets_round_trip_and_validate,Hutool overloads are consolidated into typed Rust APIs; official Hutool vectors are asserted.
"cn.hutool.core.codec::Base62::encode#String (CharSequence source, Charset charset)",idiomatic,"hitool_core::{Base62Encoder,Base62Decoder,base62_encode_text,base62_decode_text,base62_encode_file,base62_decode_to_file}",crates/hitool-core/src/radix_codec.rs::text_stream_file_and_bcd_overloads_are_bounded_and_reversible,Hutool overloads are consolidated into typed Rust APIs; official Hutool vectors are asserted.
cn.hutool.core.codec::Base62::encode#String (InputStream in),idiomatic,"hitool_core::{Base62Encoder,Base62Decoder,base62_encode_text,base62_decode_text,base62_encode_file,base62_decode_to_file}",crates/hitool-core/src/radix_codec.rs::text_stream_file_and_bcd_overloads_are_bounded_and_reversible,Hutool overloads are consolidated into typed Rust APIs; official Hutool vectors are asserted.
cn.hutool.core.codec::Base62::encode#String (File file),idiomatic,"hitool_core::{Base62Encoder,Base62Decoder,base62_encode_text,base62_decode_text,base62_encode_file,base62_decode_to_file}",crates/hitool-core/src/radix_codec.rs::text_stream_file_and_bcd_overloads_are_bounded_and_reversible,Hutool overloads are consolidated into typed Rust APIs; official Hutool vectors are asserted.
"cn.hutool.core.codec::Base62::encodeInverted#String (CharSequence source, Charset charset)",idiomatic,"hitool_core::{Base62Encoder,Base62Decoder,base62_encode_text,base62_decode_text,base62_encode_file,base62_decode_to_file}",crates/hitool-core/src/radix_codec.rs::text_stream_file_and_bcd_overloads_are_bounded_and_reversible,Hutool overloads are consolidated into typed Rust APIs; official Hutool vectors are asserted.
cn.hutool.core.codec::Base62::encodeInverted#String (InputStream in),idiomatic,"hitool_core::{Base62Encoder,Base62Decoder,base62_encode_text,base62_decode_text,base62_encode_file,base62_decode_to_file}",crates/hitool-core/src/radix_codec.rs::text_stream_file_and_bcd_overloads_are_bounded_and_reversible,Hutool overloads are consolidated into typed Rust APIs; official Hutool vectors are asserted.
cn.hutool.core.codec::Base62::encodeInverted#String (File file),idiomatic,"hitool_core::{Base62Encoder,Base62Decoder,base62_encode_text,base62_decode_text,base62_encode_file,base62_decode_to_file}",crates/hitool-core/src/radix_codec.rs::text_stream_file_and_bcd_overloads_are_bounded_and_reversible,Hutool overloads are consolidated into typed Rust APIs; official Hutool vectors are asserted.
cn.hutool.core.codec::Base62::decodeStrGbk#String (CharSequence source),idiomatic,"hitool_core::{Base62Encoder,Base62Decoder,base62_encode_text,base62_decode_text,base62_encode_file,base62_decode_to_file}",crates/hitool-core/src/radix_codec.rs::text_stream_file_and_bcd_overloads_are_bounded_and_reversible,Hutool overloads are consolidated into typed Rust APIs; official Hutool vectors are asserted.
"cn.hutool.core.codec::Base62::decodeStr#String (CharSequence source, Charset charset)",idiomatic,"hitool_core::{Base62Encoder,Base62Decoder,base62_encode_text,base62_decode_text,base62_encode_file,base62_decode_to_file}",crates/hitool-core/src/radix_codec.rs::text_stream_file_and_bcd_overloads_are_bounded_and_reversible,Hutool overloads are consolidated into typed Rust APIs; official Hutool vectors are asserted.
"cn.hutool.core.codec::Base62::decodeToFile#File (CharSequence Base62, File destFile)",idiomatic,"hitool_core::{Base62Encoder,Base62Decoder,base62_encode_text,base62_decode_text,base62_encode_file,base62_decode_to_file}",crates/hitool-core/src/radix_codec.rs::text_stream_file_and_bcd_overloads_are_bounded_and_reversible,Hutool overloads are consolidated into typed Rust APIs; official Hutool vectors are asserted.
"cn.hutool.core.codec::Base62::decodeToStream#void (CharSequence base62Str, OutputStream out, boolean isCloseOut)",idiomatic,"hitool_core::{Base62Encoder,Base62Decoder,base62_encode_text,base62_decode_text,base62_encode_file,base62_decode_to_file}",crates/hitool-core/src/radix_codec.rs::text_stream_file_and_bcd_overloads_are_bounded_and_reversible,Hutool overloads are consolidated into typed Rust APIs; official Hutool vectors are asserted.
"cn.hutool.core.codec::Base62::decodeStrInverted#String (CharSequence source, Charset charset)",idiomatic,"hitool_core::{Base62Encoder,Base62Decoder,base62_encode_text,base62_decode_text,base62_encode_file,base62_decode_to_file}",crates/hitool-core/src/radix_codec.rs::text_stream_file_and_bcd_overloads_are_bounded_and_reversible,Hutool overloads are consolidated into typed Rust APIs; official Hutool vectors are asserted.
"cn.hutool.core.codec::Base62::decodeToFileInverted#File (CharSequence Base62, File destFile)",idiomatic,"hitool_core::{Base62Encoder,Base62Decoder,base62_encode_text,base62_decode_text,base62_encode_file,base62_decode_to_file}",crates/hitool-core/src/radix_codec.rs::text_stream_file_and_bcd_overloads_are_bounded_and_reversible,Hutool overloads are consolidated into typed Rust APIs; official Hutool vectors are asserted.
"cn.hutool.core.codec::Base62::decodeToStreamInverted#void (CharSequence base62Str, OutputStream out, boolean isCloseOut)",idiomatic,"hitool_core::{Base62Encoder,Base62Decoder,base62_encode_text,base62_decode_text,base62_encode_file,base62_decode_to_file}",crates/hitool-core/src/radix_codec.rs::text_stream_file_and_bcd_overloads_are_bounded_and_reversible,Hutool overloads are consolidated into typed Rust APIs; official Hutool vectors are asserted.
cn.hutool.core.codec::Base62Codec::Base62Encoder#,idiomatic,"hitool_core::{Base62Encoder,Base62Decoder,base62_encode_text,base62_decode_text,base62_encode_file,base62_decode_to_file}",crates/hitool-core/src/radix_codec.rs::text_stream_file_and_bcd_overloads_are_bounded_and_reversible,Hutool overloads are consolidated into typed Rust APIs; official Hutool vectors are asserted.
cn.hutool.core.codec::Base62Codec::Base62Encoder::Base62Encoder#(byte[] alphabet),idiomatic,"hitool_core::{Base62Encoder,Base62Decoder,base62_encode_text,base62_decode_text,base62_encode_file,base62_decode_to_file}",crates/hitool-core/src/radix_codec.rs::text_stream_file_and_bcd_overloads_are_bounded_and_reversible,Hutool overloads are consolidated into typed Rust APIs; official Hutool vectors are asserted.
cn.hutool.core.codec::Base62Codec::Base62Encoder::encode#byte[] (byte[] data),idiomatic,"hitool_core::{Base62Encoder,Base62Decoder,base62_encode_text,base62_decode_text,base62_encode_file,base62_decode_to_file}",crates/hitool-core/src/radix_codec.rs::text_stream_file_and_bcd_overloads_are_bounded_and_reversible,Hutool overloads are consolidated into typed Rust APIs; official Hutool vectors are asserted.
cn.hutool.core.codec::Base62Codec::Base62Decoder#,idiomatic,"hitool_core::{Base62Encoder,Base62Decoder,base62_encode_text,base62_decode_text,base62_encode_file,base62_decode_to_file}",crates/hitool-core/src/radix_codec.rs::text_stream_file_and_bcd_overloads_are_bounded_and_reversible,Hutool overloads are consolidated into typed Rust APIs; official Hutool vectors are asserted.
cn.hutool.core.codec::Base62Codec::Base62Decoder::Base62Decoder#(byte[] alphabet),idiomatic,"hitool_core::{Base62Encoder,Base62Decoder,base62_encode_text,base62_decode_text,base62_encode_file,base62_decode_to_file}",crates/hitool-core/src/radix_codec.rs::text_stream_file_and_bcd_overloads_are_bounded_and_reversible,Hutool overloads are consolidated into typed Rust APIs; official Hutool vectors are asserted.
cn.hutool.core.codec::Base62Codec::Base62Decoder::decode#byte[] (byte[] encoded),idiomatic,"hitool_core::{Base62Encoder,Base62Decoder,base62_encode_text,base62_decode_text,base62_encode_file,base62_decode_to_file}",crates/hitool-core/src/radix_codec.rs::text_stream_file_and_bcd_overloads_are_bounded_and_reversible,Hutool overloads are consolidated into typed Rust APIs; official Hutool vectors are asserted.
